PROVIDER;DESCRIPTION;ACCOUNTID;REGION;ASSESSMENTDATE;REQUIREMENTS_ID;REQUIREMENTS_DESCRIPTION;REQUIREMENTS_ATTRIBUTES_SECTION;REQUIREMENTS_ATTRIBUTES_SUBSECTION;REQUIREMENTS_ATTRIBUTES_SUBGROUP;REQUIREMENTS_ATTRIBUTES_SERVICE;REQUIREMENTS_ATTRIBUTES_TYPE;STATUS;STATUSEXTENDED;RESOURCEID;CHECKID;MUTED;RESOURCENAME;FRAMEWORK;NAME;REQUIREMENTS_ATTRIBUTES_COMMENT
aws;AWS Control Tower is a management and governance service that you can use to navigate through the setup process and governance requirements that are involved in creating a multi-account AWS environment.;442426872653;us-east-1;2026-04-20 09:06:04.789728;1.0.3;Checks whether EBS volumes that are in an attached state are encrypted;EBS checks;;;ebs;;PASS;EBS Default Encryption is activated.;arn:aws:ec2:us-east-1:442426872653:volume;ec2_ebs_default_encryption;False;442426872653;AWS-Audit-Manager-Control-Tower-Guardrails;AWS Audit Manager Control Tower Guardrails;
aws;AWS Control Tower is a management and governance service that you can use to navigate through the setup process and governance requirements that are involved in creating a multi-account AWS environment.;442426872653;us-east-1;2026-04-20 09:06:04.789728;1.0.3;Checks whether EBS volumes that are in an attached state are encrypted;EBS checks;;;ebs;;FAIL;EBS Snapshot vol-08b711c3d1c514b75 is unencrypted.;arn:aws:ec2:us-east-1:442426872653:volume/vol-08b711c3d1c514b75;ec2_ebs_volume_encryption;False;vol-08b711c3d1c514b75;AWS-Audit-Manager-Control-Tower-Guardrails;AWS Audit Manager Control Tower Guardrails;
aws;AWS Control Tower is a management and governance service that you can use to navigate through the setup process and governance requirements that are involved in creating a multi-account AWS environment.;442426872653;us-east-1;2026-04-20 09:06:04.789728;1.0.2;Checks whether EBS volumes are attached to EC2 instances;EBS checks;;;ebs;;FAIL;Snapshots not found for the EBS volume vol-08b711c3d1c514b75.;arn:aws:ec2:us-east-1:442426872653:volume/vol-08b711c3d1c514b75;ec2_ebs_volume_snapshots_exists;False;vol-08b711c3d1c514b75;AWS-Audit-Manager-Control-Tower-Guardrails;AWS Audit Manager Control Tower Guardrails;
aws;AWS Control Tower is a management and governance service that you can use to navigate through the setup process and governance requirements that are involved in creating a multi-account AWS environment.;442426872653;us-east-1;2026-04-20 09:06:04.789728;2.0.2;Checks whether security groups that are in use disallow unrestricted incoming SSH traffic.;Disallow Internet Connection;;;vpc;;PASS;Security group cloudshell-elasticache-ftale-hex4-valkey-cache (sg-0783bacac25e29295) does not have SSH port 22 open to the Internet.;arn:aws:ec2:us-east-1:442426872653:security-group/sg-0783bacac25e29295;ec2_securitygroup_allow_ingress_from_internet_to_tcp_port_22;False;sg-0783bacac25e29295;AWS-Audit-Manager-Control-Tower-Guardrails;AWS Audit Manager Control Tower Guardrails;
aws;AWS Control Tower is a management and governance service that you can use to navigate through the setup process and governance requirements that are involved in creating a multi-account AWS environment.;442426872653;us-east-1;2026-04-20 09:06:04.789728;2.0.2;Checks whether security groups that are in use disallow unrestricted incoming SSH traffic.;Disallow Internet Connection;;;vpc;;PASS;Security group foretale-windows-rdp-sg (sg-08d5bc383b1311eda) does not have SSH port 22 open to the Internet.;arn:aws:ec2:us-east-1:442426872653:security-group/sg-08d5bc383b1311eda;ec2_securitygroup_allow_ingress_from_internet_to_tcp_port_22;False;sg-08d5bc383b1311eda;AWS-Audit-Manager-Control-Tower-Guardrails;AWS Audit Manager Control Tower Guardrails;
aws;AWS Control Tower is a management and governance service that you can use to navigate through the setup process and governance requirements that are involved in creating a multi-account AWS environment.;442426872653;us-east-1;2026-04-20 09:06:04.789728;2.0.2;Checks whether security groups that are in use disallow unrestricted incoming SSH traffic.;Disallow Internet Connection;;;vpc;;PASS;Security group foretale-elastic-cache-sg (sg-0adf4bb35d2e20d92) does not have SSH port 22 open to the Internet.;arn:aws:ec2:us-east-1:442426872653:security-group/sg-0adf4bb35d2e20d92;ec2_securitygroup_allow_ingress_from_internet_to_tcp_port_22;False;sg-0adf4bb35d2e20d92;AWS-Audit-Manager-Control-Tower-Guardrails;AWS Audit Manager Control Tower Guardrails;
aws;AWS Control Tower is a management and governance service that you can use to navigate through the setup process and governance requirements that are involved in creating a multi-account AWS environment.;442426872653;us-east-1;2026-04-20 09:06:04.789728;2.0.2;Checks whether security groups that are in use disallow unrestricted incoming SSH traffic.;Disallow Internet Connection;;;vpc;;PASS;Security group foretale-public-alb-sg (sg-033cb6f94c0b56aac) does not have SSH port 22 open to the Internet.;arn:aws:ec2:us-east-1:442426872653:security-group/sg-033cb6f94c0b56aac;ec2_securitygroup_allow_ingress_from_internet_to_tcp_port_22;False;sg-033cb6f94c0b56aac;AWS-Audit-Manager-Control-Tower-Guardrails;AWS Audit Manager Control Tower Guardrails;
aws;AWS Control Tower is a management and governance service that you can use to navigate through the setup process and governance requirements that are involved in creating a multi-account AWS environment.;442426872653;us-east-1;2026-04-20 09:06:04.789728;2.0.2;Checks whether security groups that are in use disallow unrestricted incoming SSH traffic.;Disallow Internet Connection;;;vpc;;PASS;Security group foretale-vpce-sg (sg-03aa1224a236cb792) does not have SSH port 22 open to the Internet.;arn:aws:ec2:us-east-1:442426872653:security-group/sg-03aa1224a236cb792;ec2_securitygroup_allow_ingress_from_internet_to_tcp_port_22;False;sg-03aa1224a236cb792;AWS-Audit-Manager-Control-Tower-Guardrails;AWS Audit Manager Control Tower Guardrails;
aws;AWS Control Tower is a management and governance service that you can use to navigate through the setup process and governance requirements that are involved in creating a multi-account AWS environment.;442426872653;us-east-1;2026-04-20 09:06:04.789728;2.0.2;Checks whether security groups that are in use disallow unrestricted incoming SSH traffic.;Disallow Internet Connection;;;vpc;;PASS;Security group foretale-rds-sg (sg-006ae0081cf30c3e9) does not have SSH port 22 open to the Internet.;arn:aws:ec2:us-east-1:442426872653:security-group/sg-006ae0081cf30c3e9;ec2_securitygroup_allow_ingress_from_internet_to_tcp_port_22;False;sg-006ae0081cf30c3e9;AWS-Audit-Manager-Control-Tower-Guardrails;AWS Audit Manager Control Tower Guardrails;
aws;AWS Control Tower is a management and governance service that you can use to navigate through the setup process and governance requirements that are involved in creating a multi-account AWS environment.;442426872653;us-east-1;2026-04-20 09:06:04.789728;2.0.2;Checks whether security groups that are in use disallow unrestricted incoming SSH traffic.;Disallow Internet Connection;;;vpc;;PASS;Security group foretale-internal-alb-sg (sg-0653f28f6b0f62748) does not have SSH port 22 open to the Internet.;arn:aws:ec2:us-east-1:442426872653:security-group/sg-0653f28f6b0f62748;ec2_securitygroup_allow_ingress_from_internet_to_tcp_port_22;False;sg-0653f28f6b0f62748;AWS-Audit-Manager-Control-Tower-Guardrails;AWS Audit Manager Control Tower Guardrails;
aws;AWS Control Tower is a management and governance service that you can use to navigate through the setup process and governance requirements that are involved in creating a multi-account AWS environment.;442426872653;us-east-1;2026-04-20 09:06:04.789728;2.0.2;Checks whether security groups that are in use disallow unrestricted incoming SSH traffic.;Disallow Internet Connection;;;vpc;;PASS;Security group foretale-lambda-sg (sg-0e8509aecc16bd4f3) does not have SSH port 22 open to the Internet.;arn:aws:ec2:us-east-1:442426872653:security-group/sg-0e8509aecc16bd4f3;ec2_securitygroup_allow_ingress_from_internet_to_tcp_port_22;False;sg-0e8509aecc16bd4f3;AWS-Audit-Manager-Control-Tower-Guardrails;AWS Audit Manager Control Tower Guardrails;
aws;AWS Control Tower is a management and governance service that you can use to navigate through the setup process and governance requirements that are involved in creating a multi-account AWS environment.;442426872653;us-east-1;2026-04-20 09:06:04.789728;2.0.2;Checks whether security groups that are in use disallow unrestricted incoming SSH traffic.;Disallow Internet Connection;;;vpc;;PASS;Security group foretale-ecs-sg (sg-0ca66a9ced5c81a3a) does not have SSH port 22 open to the Internet.;arn:aws:ec2:us-east-1:442426872653:security-group/sg-0ca66a9ced5c81a3a;ec2_securitygroup_allow_ingress_from_internet_to_tcp_port_22;False;sg-0ca66a9ced5c81a3a;AWS-Audit-Manager-Control-Tower-Guardrails;AWS Audit Manager Control Tower Guardrails;
aws;AWS Control Tower is a management and governance service that you can use to navigate through the setup process and governance requirements that are involved in creating a multi-account AWS environment.;442426872653;us-east-1;2026-04-20 09:06:04.789728;2.0.2;Checks whether security groups that are in use disallow unrestricted incoming SSH traffic.;Disallow Internet Connection;;;vpc;;PASS;Security group foretale-ecs-api-sg (sg-070079d9fd616513f) does not have SSH port 22 open to the Internet.;arn:aws:ec2:us-east-1:442426872653:security-group/sg-070079d9fd616513f;ec2_securitygroup_allow_ingress_from_internet_to_tcp_port_22;False;sg-070079d9fd616513f;AWS-Audit-Manager-Control-Tower-Guardrails;AWS Audit Manager Control Tower Guardrails;
aws;AWS Control Tower is a management and governance service that you can use to navigate through the setup process and governance requirements that are involved in creating a multi-account AWS environment.;442426872653;us-east-1;2026-04-20 09:06:04.789728;2.0.1;Checks whether security groups that are in use disallow unrestricted incoming TCP traffic to the specified;Disallow Internet Connection;;;vpc;;PASS;Security group cloudshell-elasticache-ftale-hex4-valkey-cache (sg-0783bacac25e29295) does not have Microsoft RDP port 3389 open to the Internet.;arn:aws:ec2:us-east-1:442426872653:security-group/sg-0783bacac25e29295;ec2_securitygroup_allow_ingress_from_internet_to_tcp_port_3389;False;sg-0783bacac25e29295;AWS-Audit-Manager-Control-Tower-Guardrails;AWS Audit Manager Control Tower Guardrails;
aws;AWS Control Tower is a management and governance service that you can use to navigate through the setup process and governance requirements that are involved in creating a multi-account AWS environment.;442426872653;us-east-1;2026-04-20 09:06:04.789728;2.0.1;Checks whether security groups that are in use disallow unrestricted incoming TCP traffic to the specified;Disallow Internet Connection;;;vpc;;PASS;Security group foretale-windows-rdp-sg (sg-08d5bc383b1311eda) does not have Microsoft RDP port 3389 open to the Internet.;arn:aws:ec2:us-east-1:442426872653:security-group/sg-08d5bc383b1311eda;ec2_securitygroup_allow_ingress_from_internet_to_tcp_port_3389;False;sg-08d5bc383b1311eda;AWS-Audit-Manager-Control-Tower-Guardrails;AWS Audit Manager Control Tower Guardrails;
aws;AWS Control Tower is a management and governance service that you can use to navigate through the setup process and governance requirements that are involved in creating a multi-account AWS environment.;442426872653;us-east-1;2026-04-20 09:06:04.789728;2.0.1;Checks whether security groups that are in use disallow unrestricted incoming TCP traffic to the specified;Disallow Internet Connection;;;vpc;;PASS;Security group foretale-elastic-cache-sg (sg-0adf4bb35d2e20d92) does not have Microsoft RDP port 3389 open to the Internet.;arn:aws:ec2:us-east-1:442426872653:security-group/sg-0adf4bb35d2e20d92;ec2_securitygroup_allow_ingress_from_internet_to_tcp_port_3389;False;sg-0adf4bb35d2e20d92;AWS-Audit-Manager-Control-Tower-Guardrails;AWS Audit Manager Control Tower Guardrails;
aws;AWS Control Tower is a management and governance service that you can use to navigate through the setup process and governance requirements that are involved in creating a multi-account AWS environment.;442426872653;us-east-1;2026-04-20 09:06:04.789728;2.0.1;Checks whether security groups that are in use disallow unrestricted incoming TCP traffic to the specified;Disallow Internet Connection;;;vpc;;PASS;Security group foretale-public-alb-sg (sg-033cb6f94c0b56aac) does not have Microsoft RDP port 3389 open to the Internet.;arn:aws:ec2:us-east-1:442426872653:security-group/sg-033cb6f94c0b56aac;ec2_securitygroup_allow_ingress_from_internet_to_tcp_port_3389;False;sg-033cb6f94c0b56aac;AWS-Audit-Manager-Control-Tower-Guardrails;AWS Audit Manager Control Tower Guardrails;
aws;AWS Control Tower is a management and governance service that you can use to navigate through the setup process and governance requirements that are involved in creating a multi-account AWS environment.;442426872653;us-east-1;2026-04-20 09:06:04.789728;2.0.1;Checks whether security groups that are in use disallow unrestricted incoming TCP traffic to the specified;Disallow Internet Connection;;;vpc;;PASS;Security group foretale-vpce-sg (sg-03aa1224a236cb792) does not have Microsoft RDP port 3389 open to the Internet.;arn:aws:ec2:us-east-1:442426872653:security-group/sg-03aa1224a236cb792;ec2_securitygroup_allow_ingress_from_internet_to_tcp_port_3389;False;sg-03aa1224a236cb792;AWS-Audit-Manager-Control-Tower-Guardrails;AWS Audit Manager Control Tower Guardrails;
aws;AWS Control Tower is a management and governance service that you can use to navigate through the setup process and governance requirements that are involved in creating a multi-account AWS environment.;442426872653;us-east-1;2026-04-20 09:06:04.789728;2.0.1;Checks whether security groups that are in use disallow unrestricted incoming TCP traffic to the specified;Disallow Internet Connection;;;vpc;;PASS;Security group foretale-rds-sg (sg-006ae0081cf30c3e9) does not have Microsoft RDP port 3389 open to the Internet.;arn:aws:ec2:us-east-1:442426872653:security-group/sg-006ae0081cf30c3e9;ec2_securitygroup_allow_ingress_from_internet_to_tcp_port_3389;False;sg-006ae0081cf30c3e9;AWS-Audit-Manager-Control-Tower-Guardrails;AWS Audit Manager Control Tower Guardrails;
aws;AWS Control Tower is a management and governance service that you can use to navigate through the setup process and governance requirements that are involved in creating a multi-account AWS environment.;442426872653;us-east-1;2026-04-20 09:06:04.789728;2.0.1;Checks whether security groups that are in use disallow unrestricted incoming TCP traffic to the specified;Disallow Internet Connection;;;vpc;;PASS;Security group foretale-internal-alb-sg (sg-0653f28f6b0f62748) does not have Microsoft RDP port 3389 open to the Internet.;arn:aws:ec2:us-east-1:442426872653:security-group/sg-0653f28f6b0f62748;ec2_securitygroup_allow_ingress_from_internet_to_tcp_port_3389;False;sg-0653f28f6b0f62748;AWS-Audit-Manager-Control-Tower-Guardrails;AWS Audit Manager Control Tower Guardrails;
aws;AWS Control Tower is a management and governance service that you can use to navigate through the setup process and governance requirements that are involved in creating a multi-account AWS environment.;442426872653;us-east-1;2026-04-20 09:06:04.789728;2.0.1;Checks whether security groups that are in use disallow unrestricted incoming TCP traffic to the specified;Disallow Internet Connection;;;vpc;;PASS;Security group foretale-lambda-sg (sg-0e8509aecc16bd4f3) does not have Microsoft RDP port 3389 open to the Internet.;arn:aws:ec2:us-east-1:442426872653:security-group/sg-0e8509aecc16bd4f3;ec2_securitygroup_allow_ingress_from_internet_to_tcp_port_3389;False;sg-0e8509aecc16bd4f3;AWS-Audit-Manager-Control-Tower-Guardrails;AWS Audit Manager Control Tower Guardrails;
aws;AWS Control Tower is a management and governance service that you can use to navigate through the setup process and governance requirements that are involved in creating a multi-account AWS environment.;442426872653;us-east-1;2026-04-20 09:06:04.789728;2.0.1;Checks whether security groups that are in use disallow unrestricted incoming TCP traffic to the specified;Disallow Internet Connection;;;vpc;;PASS;Security group foretale-ecs-sg (sg-0ca66a9ced5c81a3a) does not have Microsoft RDP port 3389 open to the Internet.;arn:aws:ec2:us-east-1:442426872653:security-group/sg-0ca66a9ced5c81a3a;ec2_securitygroup_allow_ingress_from_internet_to_tcp_port_3389;False;sg-0ca66a9ced5c81a3a;AWS-Audit-Manager-Control-Tower-Guardrails;AWS Audit Manager Control Tower Guardrails;
aws;AWS Control Tower is a management and governance service that you can use to navigate through the setup process and governance requirements that are involved in creating a multi-account AWS environment.;442426872653;us-east-1;2026-04-20 09:06:04.789728;2.0.1;Checks whether security groups that are in use disallow unrestricted incoming TCP traffic to the specified;Disallow Internet Connection;;;vpc;;PASS;Security group foretale-ecs-api-sg (sg-070079d9fd616513f) does not have Microsoft RDP port 3389 open to the Internet.;arn:aws:ec2:us-east-1:442426872653:security-group/sg-070079d9fd616513f;ec2_securitygroup_allow_ingress_from_internet_to_tcp_port_3389;False;sg-070079d9fd616513f;AWS-Audit-Manager-Control-Tower-Guardrails;AWS Audit Manager Control Tower Guardrails;
aws;AWS Control Tower is a management and governance service that you can use to navigate through the setup process and governance requirements that are involved in creating a multi-account AWS environment.;442426872653;us-east-1;2026-04-20 09:06:04.789728;3.0.3;Checks whether the root user of your AWS account requires multi-factor authentication for console sign-in.;Multi-Factor Authentication;;;iam;;FAIL;Root account has a virtual MFA instead of a hardware MFA device enabled.;arn:aws:iam::442426872653:mfa;iam_root_hardware_mfa_enabled;False;<root_account>;AWS-Audit-Manager-Control-Tower-Guardrails;AWS Audit Manager Control Tower Guardrails;
aws;AWS Control Tower is a management and governance service that you can use to navigate through the setup process and governance requirements that are involved in creating a multi-account AWS environment.;442426872653;us-east-1;2026-04-20 09:06:04.789728;3.0.1;Checks whether the AWS Identity and Access Management users have multi-factor authentication (MFA) enabled.;Multi-Factor Authentication;;;iam;;PASS;MFA is enabled for root account.;arn:aws:iam::442426872653:root;iam_root_mfa_enabled;False;<root_account>;AWS-Audit-Manager-Control-Tower-Guardrails;AWS Audit Manager Control Tower Guardrails;
aws;AWS Control Tower is a management and governance service that you can use to navigate through the setup process and governance requirements that are involved in creating a multi-account AWS environment.;442426872653;us-east-1;2026-04-20 09:06:04.789728;3.0.2;Checks whether AWS Multi-Factor Authentication (MFA) is enabled for all AWS Identity and Access Management (IAM) users that use a console password.;Multi-Factor Authentication;;;iam;;PASS;MFA is enabled for root account.;arn:aws:iam::442426872653:root;iam_root_mfa_enabled;False;<root_account>;AWS-Audit-Manager-Control-Tower-Guardrails;AWS Audit Manager Control Tower Guardrails;
aws;AWS Control Tower is a management and governance service that you can use to navigate through the setup process and governance requirements that are involved in creating a multi-account AWS environment.;442426872653;us-east-1;2026-04-20 09:06:04.789728;3.0.3;Checks whether the root user of your AWS account requires multi-factor authentication for console sign-in.;Multi-Factor Authentication;;;iam;;PASS;MFA is enabled for root account.;arn:aws:iam::442426872653:root;iam_root_mfa_enabled;False;<root_account>;AWS-Audit-Manager-Control-Tower-Guardrails;AWS Audit Manager Control Tower Guardrails;
aws;AWS Control Tower is a management and governance service that you can use to navigate through the setup process and governance requirements that are involved in creating a multi-account AWS environment.;442426872653;us-east-1;2026-04-20 09:06:04.789728;3.0.1;Checks whether the AWS Identity and Access Management users have multi-factor authentication (MFA) enabled.;Multi-Factor Authentication;;;iam;;FAIL;User admin-jeeva does not have any type of MFA enabled.;arn:aws:iam::442426872653:user/admin-jeeva;iam_user_hardware_mfa_enabled;False;admin-jeeva;AWS-Audit-Manager-Control-Tower-Guardrails;AWS Audit Manager Control Tower Guardrails;
aws;AWS Control Tower is a management and governance service that you can use to navigate through the setup process and governance requirements that are involved in creating a multi-account AWS environment.;442426872653;us-east-1;2026-04-20 09:06:04.789728;3.0.2;Checks whether AWS Multi-Factor Authentication (MFA) is enabled for all AWS Identity and Access Management (IAM) users that use a console password.;Multi-Factor Authentication;;;iam;;FAIL;User admin-jeeva does not have any type of MFA enabled.;arn:aws:iam::442426872653:user/admin-jeeva;iam_user_hardware_mfa_enabled;False;admin-jeeva;AWS-Audit-Manager-Control-Tower-Guardrails;AWS Audit Manager Control Tower Guardrails;
aws;AWS Control Tower is a management and governance service that you can use to navigate through the setup process and governance requirements that are involved in creating a multi-account AWS environment.;442426872653;us-east-1;2026-04-20 09:06:04.789728;3.0.1;Checks whether the AWS Identity and Access Management users have multi-factor authentication (MFA) enabled.;Multi-Factor Authentication;;;iam;;FAIL;User admin-jeeva has Console Password enabled but MFA disabled.;arn:aws:iam::442426872653:user/admin-jeeva;iam_user_mfa_enabled_console_access;False;admin-jeeva;AWS-Audit-Manager-Control-Tower-Guardrails;AWS Audit Manager Control Tower Guardrails;
aws;AWS Control Tower is a management and governance service that you can use to navigate through the setup process and governance requirements that are involved in creating a multi-account AWS environment.;442426872653;us-east-1;2026-04-20 09:06:04.789728;3.0.2;Checks whether AWS Multi-Factor Authentication (MFA) is enabled for all AWS Identity and Access Management (IAM) users that use a console password.;Multi-Factor Authentication;;;iam;;FAIL;User admin-jeeva has Console Password enabled but MFA disabled.;arn:aws:iam::442426872653:user/admin-jeeva;iam_user_mfa_enabled_console_access;False;admin-jeeva;AWS-Audit-Manager-Control-Tower-Guardrails;AWS Audit Manager Control Tower Guardrails;
aws;AWS Control Tower is a management and governance service that you can use to navigate through the setup process and governance requirements that are involved in creating a multi-account AWS environment.;442426872653;us-east-1;2026-04-20 09:06:04.789728;3.0.3;Checks whether the root user of your AWS account requires multi-factor authentication for console sign-in.;Multi-Factor Authentication;;;iam;;FAIL;User admin-jeeva has Console Password enabled but MFA disabled.;arn:aws:iam::442426872653:user/admin-jeeva;iam_user_mfa_enabled_console_access;False;admin-jeeva;AWS-Audit-Manager-Control-Tower-Guardrails;AWS Audit Manager Control Tower Guardrails;
aws;AWS Control Tower is a management and governance service that you can use to navigate through the setup process and governance requirements that are involved in creating a multi-account AWS environment.;442426872653;us-east-1;2026-04-20 09:06:04.789728;4.0.1;Checks whether the Amazon Relational Database Service (RDS) instances are not publicly accessible. The rule is non-compliant if the publiclyAccessible field is true in the instance configuration item.;Disallow Public Access;;;rds;;PASS;RDS Instance control-center is not publicly accessible.;arn:aws:rds:us-east-1:442426872653:db:control-center;rds_instance_no_public_access;False;control-center;AWS-Audit-Manager-Control-Tower-Guardrails;AWS Audit Manager Control Tower Guardrails;
aws;AWS Control Tower is a management and governance service that you can use to navigate through the setup process and governance requirements that are involved in creating a multi-account AWS environment.;442426872653;us-east-1;2026-04-20 09:06:04.789728;4.1.1;Checks that your S3 buckets do not allow public read access.;Disallow Public Access;;;s3;;PASS;RDS Instance control-center is not publicly accessible.;arn:aws:rds:us-east-1:442426872653:db:control-center;rds_instance_no_public_access;False;control-center;AWS-Audit-Manager-Control-Tower-Guardrails;AWS Audit Manager Control Tower Guardrails;
aws;AWS Control Tower is a management and governance service that you can use to navigate through the setup process and governance requirements that are involved in creating a multi-account AWS environment.;442426872653;us-east-1;2026-04-20 09:06:04.789728;4.0.1;Checks whether the Amazon Relational Database Service (RDS) instances are not publicly accessible. The rule is non-compliant if the publiclyAccessible field is true in the instance configuration item.;Disallow Public Access;;;rds;;PASS;RDS Instance ftale-hex4-msdb-foretale-4 is not publicly accessible.;arn:aws:rds:us-east-1:442426872653:db:ftale-hex4-msdb-foretale-4;rds_instance_no_public_access;False;ftale-hex4-msdb-foretale-4;AWS-Audit-Manager-Control-Tower-Guardrails;AWS Audit Manager Control Tower Guardrails;
aws;AWS Control Tower is a management and governance service that you can use to navigate through the setup process and governance requirements that are involved in creating a multi-account AWS environment.;442426872653;us-east-1;2026-04-20 09:06:04.789728;4.1.1;Checks that your S3 buckets do not allow public read access.;Disallow Public Access;;;s3;;PASS;RDS Instance ftale-hex4-msdb-foretale-4 is not publicly accessible.;arn:aws:rds:us-east-1:442426872653:db:ftale-hex4-msdb-foretale-4;rds_instance_no_public_access;False;ftale-hex4-msdb-foretale-4;AWS-Audit-Manager-Control-Tower-Guardrails;AWS Audit Manager Control Tower Guardrails;
aws;AWS Control Tower is a management and governance service that you can use to navigate through the setup process and governance requirements that are involved in creating a multi-account AWS environment.;442426872653;us-east-1;2026-04-20 09:06:04.789728;5.0.1;Checks whether storage encryption is enabled for your RDS DB instances.;Disallow Instances;;;rds;;PASS;RDS Instance control-center is encrypted.;arn:aws:rds:us-east-1:442426872653:db:control-center;rds_instance_storage_encrypted;False;control-center;AWS-Audit-Manager-Control-Tower-Guardrails;AWS Audit Manager Control Tower Guardrails;
aws;AWS Control Tower is a management and governance service that you can use to navigate through the setup process and governance requirements that are involved in creating a multi-account AWS environment.;442426872653;us-east-1;2026-04-20 09:06:04.789728;5.0.1;Checks whether storage encryption is enabled for your RDS DB instances.;Disallow Instances;;;rds;;PASS;RDS Instance ftale-hex4-msdb-foretale-4 is encrypted.;arn:aws:rds:us-east-1:442426872653:db:ftale-hex4-msdb-foretale-4;rds_instance_storage_encrypted;False;ftale-hex4-msdb-foretale-4;AWS-Audit-Manager-Control-Tower-Guardrails;AWS Audit Manager Control Tower Guardrails;
aws;AWS Control Tower is a management and governance service that you can use to navigate through the setup process and governance requirements that are involved in creating a multi-account AWS environment.;442426872653;us-east-1;2026-04-20 09:06:04.789728;5.0.1;Checks whether storage encryption is enabled for your RDS DB instances.;Disallow Instances;;;rds;;PASS;RDS Instance control-center connections use SSL encryption.;arn:aws:rds:us-east-1:442426872653:db:control-center;rds_instance_transport_encrypted;False;control-center;AWS-Audit-Manager-Control-Tower-Guardrails;AWS Audit Manager Control Tower Guardrails;
aws;AWS Control Tower is a management and governance service that you can use to navigate through the setup process and governance requirements that are involved in creating a multi-account AWS environment.;442426872653;us-east-1;2026-04-20 09:06:04.789728;5.0.1;Checks whether storage encryption is enabled for your RDS DB instances.;Disallow Instances;;;rds;;FAIL;RDS Instance ftale-hex4-msdb-foretale-4 connections are not encrypted.;arn:aws:rds:us-east-1:442426872653:db:ftale-hex4-msdb-foretale-4;rds_instance_transport_encrypted;False;ftale-hex4-msdb-foretale-4;AWS-Audit-Manager-Control-Tower-Guardrails;AWS Audit Manager Control Tower Guardrails;
aws;AWS Control Tower is a management and governance service that you can use to navigate through the setup process and governance requirements that are involved in creating a multi-account AWS environment.;442426872653;us-east-1;2026-04-20 09:06:04.789728;4.0.2;Checks if Amazon Relational Database Service (Amazon RDS) snapshots are public. The rule is non-compliant if any existing and new Amazon RDS snapshots are public.;Disallow Public Access;;;rds;;PASS;RDS Instance Snapshot control-center-0306 is not shared.;arn:aws:rds:us-east-1:442426872653:snapshot:control-center-0306;rds_snapshots_public_access;False;control-center-0306;AWS-Audit-Manager-Control-Tower-Guardrails;AWS Audit Manager Control Tower Guardrails;
aws;AWS Control Tower is a management and governance service that you can use to navigate through the setup process and governance requirements that are involved in creating a multi-account AWS environment.;442426872653;us-east-1;2026-04-20 09:06:04.789728;4.0.2;Checks if Amazon Relational Database Service (Amazon RDS) snapshots are public. The rule is non-compliant if any existing and new Amazon RDS snapshots are public.;Disallow Public Access;;;rds;;PASS;RDS Instance Snapshot foretale-hex4-snapshot is not shared.;arn:aws:rds:us-east-1:442426872653:snapshot:foretale-hex4-snapshot;rds_snapshots_public_access;False;foretale-hex4-snapshot;AWS-Audit-Manager-Control-Tower-Guardrails;AWS Audit Manager Control Tower Guardrails;
aws;AWS Control Tower is a management and governance service that you can use to navigate through the setup process and governance requirements that are involved in creating a multi-account AWS environment.;442426872653;us-east-1;2026-04-20 09:06:04.789728;4.0.2;Checks if Amazon Relational Database Service (Amazon RDS) snapshots are public. The rule is non-compliant if any existing and new Amazon RDS snapshots are public.;Disallow Public Access;;;rds;;PASS;RDS Instance Snapshot ftale-hex4-msdb-foretale-0306 is not shared.;arn:aws:rds:us-east-1:442426872653:snapshot:ftale-hex4-msdb-foretale-0306;rds_snapshots_public_access;False;ftale-hex4-msdb-foretale-0306;AWS-Audit-Manager-Control-Tower-Guardrails;AWS Audit Manager Control Tower Guardrails;
aws;AWS Control Tower is a management and governance service that you can use to navigate through the setup process and governance requirements that are involved in creating a multi-account AWS environment.;442426872653;us-east-1;2026-04-20 09:06:04.789728;4.0.2;Checks if Amazon Relational Database Service (Amazon RDS) snapshots are public. The rule is non-compliant if any existing and new Amazon RDS snapshots are public.;Disallow Public Access;;;rds;;PASS;RDS Instance Snapshot ftale-hex4-msdb-foretale-2-snapshot is not shared.;arn:aws:rds:us-east-1:442426872653:snapshot:ftale-hex4-msdb-foretale-2-snapshot;rds_snapshots_public_access;False;ftale-hex4-msdb-foretale-2-snapshot;AWS-Audit-Manager-Control-Tower-Guardrails;AWS Audit Manager Control Tower Guardrails;
aws;AWS Control Tower is a management and governance service that you can use to navigate through the setup process and governance requirements that are involved in creating a multi-account AWS environment.;442426872653;us-east-1;2026-04-20 09:06:04.789728;4.0.2;Checks if Amazon Relational Database Service (Amazon RDS) snapshots are public. The rule is non-compliant if any existing and new Amazon RDS snapshots are public.;Disallow Public Access;;;rds;;PASS;RDS Instance Snapshot ftale-hex4-msdb-foretale-snapshot is not shared.;arn:aws:rds:us-east-1:442426872653:snapshot:ftale-hex4-msdb-foretale-snapshot;rds_snapshots_public_access;False;ftale-hex4-msdb-foretale-snapshot;AWS-Audit-Manager-Control-Tower-Guardrails;AWS Audit Manager Control Tower Guardrails;
aws;AWS Control Tower is a management and governance service that you can use to navigate through the setup process and governance requirements that are involved in creating a multi-account AWS environment.;442426872653;us-east-1;2026-04-20 09:06:04.789728;4.0.2;Checks if Amazon Relational Database Service (Amazon RDS) snapshots are public. The rule is non-compliant if any existing and new Amazon RDS snapshots are public.;Disallow Public Access;;;rds;;PASS;RDS Instance Snapshot ftale-hex4-pgdb-agents-0306 is not shared.;arn:aws:rds:us-east-1:442426872653:snapshot:ftale-hex4-pgdb-agents-0306;rds_snapshots_public_access;False;ftale-hex4-pgdb-agents-0306;AWS-Audit-Manager-Control-Tower-Guardrails;AWS Audit Manager Control Tower Guardrails;
aws;AWS Control Tower is a management and governance service that you can use to navigate through the setup process and governance requirements that are involved in creating a multi-account AWS environment.;442426872653;us-east-1;2026-04-20 09:06:04.789728;4.0.2;Checks if Amazon Relational Database Service (Amazon RDS) snapshots are public. The rule is non-compliant if any existing and new Amazon RDS snapshots are public.;Disallow Public Access;;;rds;;PASS;RDS Instance Snapshot ftale-hex4-pgdb-agents-snapshot is not shared.;arn:aws:rds:us-east-1:442426872653:snapshot:ftale-hex4-pgdb-agents-snapshot;rds_snapshots_public_access;False;ftale-hex4-pgdb-agents-snapshot;AWS-Audit-Manager-Control-Tower-Guardrails;AWS Audit Manager Control Tower Guardrails;
aws;AWS Control Tower is a management and governance service that you can use to navigate through the setup process and governance requirements that are involved in creating a multi-account AWS environment.;442426872653;us-east-1;2026-04-20 09:06:04.789728;4.0.2;Checks if Amazon Relational Database Service (Amazon RDS) snapshots are public. The rule is non-compliant if any existing and new Amazon RDS snapshots are public.;Disallow Public Access;;;rds;;PASS;RDS Instance Snapshot rds:control-center-2026-04-18-23-34 is not shared.;arn:aws:rds:us-east-1:442426872653:snapshot:rds:control-center-2026-04-18-23-34;rds_snapshots_public_access;False;rds:control-center-2026-04-18-23-34;AWS-Audit-Manager-Control-Tower-Guardrails;AWS Audit Manager Control Tower Guardrails;
aws;AWS Control Tower is a management and governance service that you can use to navigate through the setup process and governance requirements that are involved in creating a multi-account AWS environment.;442426872653;us-east-1;2026-04-20 09:06:04.789728;4.0.2;Checks if Amazon Relational Database Service (Amazon RDS) snapshots are public. The rule is non-compliant if any existing and new Amazon RDS snapshots are public.;Disallow Public Access;;;rds;;PASS;RDS Instance Snapshot rds:control-center-2026-04-19-23-34 is not shared.;arn:aws:rds:us-east-1:442426872653:snapshot:rds:control-center-2026-04-19-23-34;rds_snapshots_public_access;False;rds:control-center-2026-04-19-23-34;AWS-Audit-Manager-Control-Tower-Guardrails;AWS Audit Manager Control Tower Guardrails;
aws;AWS Control Tower is a management and governance service that you can use to navigate through the setup process and governance requirements that are involved in creating a multi-account AWS environment.;442426872653;us-east-1;2026-04-20 09:06:04.789728;4.0.2;Checks if Amazon Relational Database Service (Amazon RDS) snapshots are public. The rule is non-compliant if any existing and new Amazon RDS snapshots are public.;Disallow Public Access;;;rds;;PASS;RDS Instance Snapshot rds:ftale-hex4-msdb-foretale-4-2026-04-11-10-29 is not shared.;arn:aws:rds:us-east-1:442426872653:snapshot:rds:ftale-hex4-msdb-foretale-4-2026-04-11-10-29;rds_snapshots_public_access;False;rds:ftale-hex4-msdb-foretale-4-2026-04-11-10-29;AWS-Audit-Manager-Control-Tower-Guardrails;AWS Audit Manager Control Tower Guardrails;
aws;AWS Control Tower is a management and governance service that you can use to navigate through the setup process and governance requirements that are involved in creating a multi-account AWS environment.;442426872653;us-east-1;2026-04-20 09:06:04.789728;4.0.2;Checks if Amazon Relational Database Service (Amazon RDS) snapshots are public. The rule is non-compliant if any existing and new Amazon RDS snapshots are public.;Disallow Public Access;;;rds;;PASS;RDS Instance Snapshot rds:ftale-hex4-msdb-foretale-4-2026-04-12-10-29 is not shared.;arn:aws:rds:us-east-1:442426872653:snapshot:rds:ftale-hex4-msdb-foretale-4-2026-04-12-10-29;rds_snapshots_public_access;False;rds:ftale-hex4-msdb-foretale-4-2026-04-12-10-29;AWS-Audit-Manager-Control-Tower-Guardrails;AWS Audit Manager Control Tower Guardrails;
aws;AWS Control Tower is a management and governance service that you can use to navigate through the setup process and governance requirements that are involved in creating a multi-account AWS environment.;442426872653;us-east-1;2026-04-20 09:06:04.789728;4.0.2;Checks if Amazon Relational Database Service (Amazon RDS) snapshots are public. The rule is non-compliant if any existing and new Amazon RDS snapshots are public.;Disallow Public Access;;;rds;;PASS;RDS Instance Snapshot rds:ftale-hex4-msdb-foretale-4-2026-04-13-10-29 is not shared.;arn:aws:rds:us-east-1:442426872653:snapshot:rds:ftale-hex4-msdb-foretale-4-2026-04-13-10-29;rds_snapshots_public_access;False;rds:ftale-hex4-msdb-foretale-4-2026-04-13-10-29;AWS-Audit-Manager-Control-Tower-Guardrails;AWS Audit Manager Control Tower Guardrails;
aws;AWS Control Tower is a management and governance service that you can use to navigate through the setup process and governance requirements that are involved in creating a multi-account AWS environment.;442426872653;us-east-1;2026-04-20 09:06:04.789728;4.0.2;Checks if Amazon Relational Database Service (Amazon RDS) snapshots are public. The rule is non-compliant if any existing and new Amazon RDS snapshots are public.;Disallow Public Access;;;rds;;PASS;RDS Instance Snapshot rds:ftale-hex4-msdb-foretale-4-2026-04-14-10-29 is not shared.;arn:aws:rds:us-east-1:442426872653:snapshot:rds:ftale-hex4-msdb-foretale-4-2026-04-14-10-29;rds_snapshots_public_access;False;rds:ftale-hex4-msdb-foretale-4-2026-04-14-10-29;AWS-Audit-Manager-Control-Tower-Guardrails;AWS Audit Manager Control Tower Guardrails;
aws;AWS Control Tower is a management and governance service that you can use to navigate through the setup process and governance requirements that are involved in creating a multi-account AWS environment.;442426872653;us-east-1;2026-04-20 09:06:04.789728;4.0.2;Checks if Amazon Relational Database Service (Amazon RDS) snapshots are public. The rule is non-compliant if any existing and new Amazon RDS snapshots are public.;Disallow Public Access;;;rds;;PASS;RDS Instance Snapshot rds:ftale-hex4-msdb-foretale-4-2026-04-15-10-29 is not shared.;arn:aws:rds:us-east-1:442426872653:snapshot:rds:ftale-hex4-msdb-foretale-4-2026-04-15-10-29;rds_snapshots_public_access;False;rds:ftale-hex4-msdb-foretale-4-2026-04-15-10-29;AWS-Audit-Manager-Control-Tower-Guardrails;AWS Audit Manager Control Tower Guardrails;
aws;AWS Control Tower is a management and governance service that you can use to navigate through the setup process and governance requirements that are involved in creating a multi-account AWS environment.;442426872653;us-east-1;2026-04-20 09:06:04.789728;4.0.2;Checks if Amazon Relational Database Service (Amazon RDS) snapshots are public. The rule is non-compliant if any existing and new Amazon RDS snapshots are public.;Disallow Public Access;;;rds;;PASS;RDS Instance Snapshot rds:ftale-hex4-msdb-foretale-4-2026-04-16-10-29 is not shared.;arn:aws:rds:us-east-1:442426872653:snapshot:rds:ftale-hex4-msdb-foretale-4-2026-04-16-10-29;rds_snapshots_public_access;False;rds:ftale-hex4-msdb-foretale-4-2026-04-16-10-29;AWS-Audit-Manager-Control-Tower-Guardrails;AWS Audit Manager Control Tower Guardrails;
aws;AWS Control Tower is a management and governance service that you can use to navigate through the setup process and governance requirements that are involved in creating a multi-account AWS environment.;442426872653;us-east-1;2026-04-20 09:06:04.789728;4.0.2;Checks if Amazon Relational Database Service (Amazon RDS) snapshots are public. The rule is non-compliant if any existing and new Amazon RDS snapshots are public.;Disallow Public Access;;;rds;;PASS;RDS Instance Snapshot rds:ftale-hex4-msdb-foretale-4-2026-04-17-10-29 is not shared.;arn:aws:rds:us-east-1:442426872653:snapshot:rds:ftale-hex4-msdb-foretale-4-2026-04-17-10-29;rds_snapshots_public_access;False;rds:ftale-hex4-msdb-foretale-4-2026-04-17-10-29;AWS-Audit-Manager-Control-Tower-Guardrails;AWS Audit Manager Control Tower Guardrails;
aws;AWS Control Tower is a management and governance service that you can use to navigate through the setup process and governance requirements that are involved in creating a multi-account AWS environment.;442426872653;us-east-1;2026-04-20 09:06:04.789728;4.0.2;Checks if Amazon Relational Database Service (Amazon RDS) snapshots are public. The rule is non-compliant if any existing and new Amazon RDS snapshots are public.;Disallow Public Access;;;rds;;PASS;RDS Instance Snapshot rds:ftale-hex4-msdb-foretale-4-2026-04-18-10-29 is not shared.;arn:aws:rds:us-east-1:442426872653:snapshot:rds:ftale-hex4-msdb-foretale-4-2026-04-18-10-29;rds_snapshots_public_access;False;rds:ftale-hex4-msdb-foretale-4-2026-04-18-10-29;AWS-Audit-Manager-Control-Tower-Guardrails;AWS Audit Manager Control Tower Guardrails;
aws;AWS Control Tower is a management and governance service that you can use to navigate through the setup process and governance requirements that are involved in creating a multi-account AWS environment.;442426872653;us-east-1;2026-04-20 09:06:04.789728;4.0.2;Checks if Amazon Relational Database Service (Amazon RDS) snapshots are public. The rule is non-compliant if any existing and new Amazon RDS snapshots are public.;Disallow Public Access;;;rds;;PASS;RDS Instance Snapshot rds:ftale-hex4-msdb-foretale-4-2026-04-19-10-29 is not shared.;arn:aws:rds:us-east-1:442426872653:snapshot:rds:ftale-hex4-msdb-foretale-4-2026-04-19-10-29;rds_snapshots_public_access;False;rds:ftale-hex4-msdb-foretale-4-2026-04-19-10-29;AWS-Audit-Manager-Control-Tower-Guardrails;AWS Audit Manager Control Tower Guardrails;
aws;AWS Control Tower is a management and governance service that you can use to navigate through the setup process and governance requirements that are involved in creating a multi-account AWS environment.;442426872653;us-east-2;2026-04-20 09:06:04.789728;4.0.2;Checks if Amazon Relational Database Service (Amazon RDS) snapshots are public. The rule is non-compliant if any existing and new Amazon RDS snapshots are public.;Disallow Public Access;;;rds;;PASS;RDS Instance Snapshot control-db-snapshot is not shared.;arn:aws:rds:us-east-2:442426872653:snapshot:control-db-snapshot;rds_snapshots_public_access;False;control-db-snapshot;AWS-Audit-Manager-Control-Tower-Guardrails;AWS Audit Manager Control Tower Guardrails;
aws;AWS Control Tower is a management and governance service that you can use to navigate through the setup process and governance requirements that are involved in creating a multi-account AWS environment.;442426872653;us-east-2;2026-04-20 09:06:04.789728;4.0.2;Checks if Amazon Relational Database Service (Amazon RDS) snapshots are public. The rule is non-compliant if any existing and new Amazon RDS snapshots are public.;Disallow Public Access;;;rds;;PASS;RDS Instance Snapshot foretale-app-rds-main-snapshot is not shared.;arn:aws:rds:us-east-2:442426872653:snapshot:foretale-app-rds-main-snapshot;rds_snapshots_public_access;False;foretale-app-rds-main-snapshot;AWS-Audit-Manager-Control-Tower-Guardrails;AWS Audit Manager Control Tower Guardrails;
aws;AWS Control Tower is a management and governance service that you can use to navigate through the setup process and governance requirements that are involved in creating a multi-account AWS environment.;442426872653;us-east-2;2026-04-20 09:06:04.789728;4.0.2;Checks if Amazon Relational Database Service (Amazon RDS) snapshots are public. The rule is non-compliant if any existing and new Amazon RDS snapshots are public.;Disallow Public Access;;;rds;;PASS;RDS Instance Snapshot foretale-app-rds-sqlserver-snapshot is not shared.;arn:aws:rds:us-east-2:442426872653:snapshot:foretale-app-rds-sqlserver-snapshot;rds_snapshots_public_access;False;foretale-app-rds-sqlserver-snapshot;AWS-Audit-Manager-Control-Tower-Guardrails;AWS Audit Manager Control Tower Guardrails;
aws;AWS Control Tower is a management and governance service that you can use to navigate through the setup process and governance requirements that are involved in creating a multi-account AWS environment.;442426872653;us-east-2;2026-04-20 09:06:04.789728;4.0.2;Checks if Amazon Relational Database Service (Amazon RDS) snapshots are public. The rule is non-compliant if any existing and new Amazon RDS snapshots are public.;Disallow Public Access;;;rds;;PASS;RDS Instance Snapshot foretale-dev-postgres-final-snapshot-20260129 is not shared.;arn:aws:rds:us-east-2:442426872653:snapshot:foretale-dev-postgres-final-snapshot-20260129;rds_snapshots_public_access;False;foretale-dev-postgres-final-snapshot-20260129;AWS-Audit-Manager-Control-Tower-Guardrails;AWS Audit Manager Control Tower Guardrails;
aws;AWS Control Tower is a management and governance service that you can use to navigate through the setup process and governance requirements that are involved in creating a multi-account AWS environment.;442426872653;us-east-2;2026-04-20 09:06:04.789728;4.0.2;Checks if Amazon Relational Database Service (Amazon RDS) snapshots are public. The rule is non-compliant if any existing and new Amazon RDS snapshots are public.;Disallow Public Access;;;rds;;PASS;RDS Instance Snapshot hexango-express-final-20260202 is not shared.;arn:aws:rds:us-east-2:442426872653:snapshot:hexango-express-final-20260202;rds_snapshots_public_access;False;hexango-express-final-20260202;AWS-Audit-Manager-Control-Tower-Guardrails;AWS Audit Manager Control Tower Guardrails;
aws;AWS Control Tower is a management and governance service that you can use to navigate through the setup process and governance requirements that are involved in creating a multi-account AWS environment.;442426872653;us-east-2;2026-04-20 09:06:04.789728;4.0.2;Checks if Amazon Relational Database Service (Amazon RDS) snapshots are public. The rule is non-compliant if any existing and new Amazon RDS snapshots are public.;Disallow Public Access;;;rds;;PASS;RDS Instance Snapshot hexango-standard-vpc0bb9-snapshot is not shared.;arn:aws:rds:us-east-2:442426872653:snapshot:hexango-standard-vpc0bb9-snapshot;rds_snapshots_public_access;False;hexango-standard-vpc0bb9-snapshot;AWS-Audit-Manager-Control-Tower-Guardrails;AWS Audit Manager Control Tower Guardrails;
aws;AWS Control Tower is a management and governance service that you can use to navigate through the setup process and governance requirements that are involved in creating a multi-account AWS environment.;442426872653;us-east-2;2026-04-20 09:06:04.789728;4.0.2;Checks if Amazon Relational Database Service (Amazon RDS) snapshots are public. The rule is non-compliant if any existing and new Amazon RDS snapshots are public.;Disallow Public Access;;;rds;;PASS;RDS Instance Snapshot hexangov1 is not shared.;arn:aws:rds:us-east-2:442426872653:snapshot:hexangov1;rds_snapshots_public_access;False;hexangov1;AWS-Audit-Manager-Control-Tower-Guardrails;AWS Audit Manager Control Tower Guardrails;
aws;AWS Control Tower is a management and governance service that you can use to navigate through the setup process and governance requirements that are involved in creating a multi-account AWS environment.;442426872653;us-east-2;2026-04-20 09:06:04.789728;4.0.2;Checks if Amazon Relational Database Service (Amazon RDS) snapshots are public. The rule is non-compliant if any existing and new Amazon RDS snapshots are public.;Disallow Public Access;;;rds;;PASS;RDS Instance Snapshot langgraph-snapshot is not shared.;arn:aws:rds:us-east-2:442426872653:snapshot:langgraph-snapshot;rds_snapshots_public_access;False;langgraph-snapshot;AWS-Audit-Manager-Control-Tower-Guardrails;AWS Audit Manager Control Tower Guardrails;
aws;AWS Control Tower is a management and governance service that you can use to navigate through the setup process and governance requirements that are involved in creating a multi-account AWS environment.;442426872653;us-east-1;2026-04-20 09:06:04.789728;4.1.1;Checks that your S3 buckets do not allow public read access.;Disallow Public Access;;;s3;;PASS;Block Public Access is configured for the account 442426872653.;arn:aws:s3:us-east-1:442426872653:account;s3_account_level_public_access_blocks;False;442426872653;AWS-Audit-Manager-Control-Tower-Guardrails;AWS Audit Manager Control Tower Guardrails;
aws;AWS Control Tower is a management and governance service that you can use to navigate through the setup process and governance requirements that are involved in creating a multi-account AWS environment.;442426872653;us-east-1;2026-04-20 09:06:04.789728;5.1.1;Checks whether versioning is enabled for your S3 buckets.;Disallow Instances;;;s3;;FAIL;S3 Bucket amplify-djeky3rjf2dd9-mai-amplifydataamplifycodege-ady30ocj1cin has versioning disabled.;arn:aws:s3:::amplify-djeky3rjf2dd9-mai-amplifydataamplifycodege-ady30ocj1cin;s3_bucket_object_versioning;False;amplify-djeky3rjf2dd9-mai-amplifydataamplifycodege-ady30ocj1cin;AWS-Audit-Manager-Control-Tower-Guardrails;AWS Audit Manager Control Tower Guardrails;
aws;AWS Control Tower is a management and governance service that you can use to navigate through the setup process and governance requirements that are involved in creating a multi-account AWS environment.;442426872653;us-east-1;2026-04-20 09:06:04.789728;5.1.1;Checks whether versioning is enabled for your S3 buckets.;Disallow Instances;;;s3;;FAIL;S3 Bucket amplify-djeky3rjf2dd9-mai-modelintrospectionschema-qw3w5zya91v8 has versioning disabled.;arn:aws:s3:::amplify-djeky3rjf2dd9-mai-modelintrospectionschema-qw3w5zya91v8;s3_bucket_object_versioning;False;amplify-djeky3rjf2dd9-mai-modelintrospectionschema-qw3w5zya91v8;AWS-Audit-Manager-Control-Tower-Guardrails;AWS Audit Manager Control Tower Guardrails;
aws;AWS Control Tower is a management and governance service that you can use to navigate through the setup process and governance requirements that are involved in creating a multi-account AWS environment.;442426872653;us-east-1;2026-04-20 09:06:04.789728;5.1.1;Checks whether versioning is enabled for your S3 buckets.;Disallow Instances;;;s3;;FAIL;S3 Bucket amplify-foretaleapplicati-amplifydataamplifycodege-trfzjnz4seco has versioning disabled.;arn:aws:s3:::amplify-foretaleapplicati-amplifydataamplifycodege-trfzjnz4seco;s3_bucket_object_versioning;False;amplify-foretaleapplicati-amplifydataamplifycodege-trfzjnz4seco;AWS-Audit-Manager-Control-Tower-Guardrails;AWS Audit Manager Control Tower Guardrails;
aws;AWS Control Tower is a management and governance service that you can use to navigate through the setup process and governance requirements that are involved in creating a multi-account AWS environment.;442426872653;us-east-1;2026-04-20 09:06:04.789728;5.1.1;Checks whether versioning is enabled for your S3 buckets.;Disallow Instances;;;s3;;FAIL;S3 Bucket amplify-foretaleapplicati-modelintrospectionschema-bvkozcfbwx89 has versioning disabled.;arn:aws:s3:::amplify-foretaleapplicati-modelintrospectionschema-bvkozcfbwx89;s3_bucket_object_versioning;False;amplify-foretaleapplicati-modelintrospectionschema-bvkozcfbwx89;AWS-Audit-Manager-Control-Tower-Guardrails;AWS Audit Manager Control Tower Guardrails;
aws;AWS Control Tower is a management and governance service that you can use to navigate through the setup process and governance requirements that are involved in creating a multi-account AWS environment.;442426872653;us-east-1;2026-04-20 09:06:04.789728;5.1.1;Checks whether versioning is enabled for your S3 buckets.;Disallow Instances;;;s3;;FAIL;S3 Bucket amplify-foretaleapplication-dev-c6950-deployment has versioning disabled.;arn:aws:s3:::amplify-foretaleapplication-dev-c6950-deployment;s3_bucket_object_versioning;False;amplify-foretaleapplication-dev-c6950-deployment;AWS-Audit-Manager-Control-Tower-Guardrails;AWS Audit Manager Control Tower Guardrails;
aws;AWS Control Tower is a management and governance service that you can use to navigate through the setup process and governance requirements that are involved in creating a multi-account AWS environment.;442426872653;us-east-1;2026-04-20 09:06:04.789728;5.1.1;Checks whether versioning is enabled for your S3 buckets.;Disallow Instances;;;s3;;PASS;S3 Bucket cdk-hnb659fds-assets-442426872653-us-east-1 has versioning enabled.;arn:aws:s3:::cdk-hnb659fds-assets-442426872653-us-east-1;s3_bucket_object_versioning;False;cdk-hnb659fds-assets-442426872653-us-east-1;AWS-Audit-Manager-Control-Tower-Guardrails;AWS Audit Manager Control Tower Guardrails;
aws;AWS Control Tower is a management and governance service that you can use to navigate through the setup process and governance requirements that are involved in creating a multi-account AWS environment.;442426872653;us-east-1;2026-04-20 09:06:04.789728;5.1.1;Checks whether versioning is enabled for your S3 buckets.;Disallow Instances;;;s3;;FAIL;S3 Bucket cloudtrail-logs-442426872653 has versioning disabled.;arn:aws:s3:::cloudtrail-logs-442426872653;s3_bucket_object_versioning;False;cloudtrail-logs-442426872653;AWS-Audit-Manager-Control-Tower-Guardrails;AWS Audit Manager Control Tower Guardrails;
aws;AWS Control Tower is a management and governance service that you can use to navigate through the setup process and governance requirements that are involved in creating a multi-account AWS environment.;442426872653;us-east-1;2026-04-20 09:06:04.789728;5.1.1;Checks whether versioning is enabled for your S3 buckets.;Disallow Instances;;;s3;;FAIL;S3 Bucket config-bucket-442426872653-us-east-1 has versioning disabled.;arn:aws:s3:::config-bucket-442426872653-us-east-1;s3_bucket_object_versioning;False;config-bucket-442426872653-us-east-1;AWS-Audit-Manager-Control-Tower-Guardrails;AWS Audit Manager Control Tower Guardrails;
aws;AWS Control Tower is a management and governance service that you can use to navigate through the setup process and governance requirements that are involved in creating a multi-account AWS environment.;442426872653;us-east-1;2026-04-20 09:06:04.789728;5.1.1;Checks whether versioning is enabled for your S3 buckets.;Disallow Instances;;;s3;;PASS;S3 Bucket foretale-ai-security-logs-442426872653 has versioning enabled.;arn:aws:s3:::foretale-ai-security-logs-442426872653;s3_bucket_object_versioning;False;foretale-ai-security-logs-442426872653;AWS-Audit-Manager-Control-Tower-Guardrails;AWS Audit Manager Control Tower Guardrails;
aws;AWS Control Tower is a management and governance service that you can use to navigate through the setup process and governance requirements that are involved in creating a multi-account AWS environment.;442426872653;us-east-1;2026-04-20 09:06:04.789728;5.1.1;Checks whether versioning is enabled for your S3 buckets.;Disallow Instances;;;s3;;PASS;S3 Bucket foretale-terraform-state-442426872653 has versioning enabled.;arn:aws:s3:::foretale-terraform-state-442426872653;s3_bucket_object_versioning;False;foretale-terraform-state-442426872653;AWS-Audit-Manager-Control-Tower-Guardrails;AWS Audit Manager Control Tower Guardrails;
aws;AWS Control Tower is a management and governance service that you can use to navigate through the setup process and governance requirements that are involved in creating a multi-account AWS environment.;442426872653;us-east-1;2026-04-20 09:06:04.789728;5.1.1;Checks whether versioning is enabled for your S3 buckets.;Disallow Instances;;;s3;;FAIL;S3 Bucket ftale-hex4-s3-file-storage has versioning disabled.;arn:aws:s3:::ftale-hex4-s3-file-storage;s3_bucket_object_versioning;False;ftale-hex4-s3-file-storage;AWS-Audit-Manager-Control-Tower-Guardrails;AWS Audit Manager Control Tower Guardrails;
aws;AWS Control Tower is a management and governance service that you can use to navigate through the setup process and governance requirements that are involved in creating a multi-account AWS environment.;442426872653;us-east-1;2026-04-20 09:06:04.789728;5.1.1;Checks whether versioning is enabled for your S3 buckets.;Disallow Instances;;;s3;;FAIL;S3 Bucket master-codebase-useast1 has versioning disabled.;arn:aws:s3:::master-codebase-useast1;s3_bucket_object_versioning;False;master-codebase-useast1;AWS-Audit-Manager-Control-Tower-Guardrails;AWS Audit Manager Control Tower Guardrails;
aws;AWS Control Tower is a management and governance service that you can use to navigate through the setup process and governance requirements that are involved in creating a multi-account AWS environment.;442426872653;us-east-2;2026-04-20 09:06:04.789728;5.1.1;Checks whether versioning is enabled for your S3 buckets.;Disallow Instances;;;s3;;PASS;S3 Bucket foretale-alb-logs-442426872653-us-east-2 has versioning enabled.;arn:aws:s3:::foretale-alb-logs-442426872653-us-east-2;s3_bucket_object_versioning;False;foretale-alb-logs-442426872653-us-east-2;AWS-Audit-Manager-Control-Tower-Guardrails;AWS Audit Manager Control Tower Guardrails;
aws;AWS Control Tower is a management and governance service that you can use to navigate through the setup process and governance requirements that are involved in creating a multi-account AWS environment.;442426872653;us-east-2;2026-04-20 09:06:04.789728;5.1.1;Checks whether versioning is enabled for your S3 buckets.;Disallow Instances;;;s3;;FAIL;S3 Bucket foretale-cloudtrail-logs-442426872653-us-east-2 has versioning disabled.;arn:aws:s3:::foretale-cloudtrail-logs-442426872653-us-east-2;s3_bucket_object_versioning;False;foretale-cloudtrail-logs-442426872653-us-east-2;AWS-Audit-Manager-Control-Tower-Guardrails;AWS Audit Manager Control Tower Guardrails;
aws;AWS Control Tower is a management and governance service that you can use to navigate through the setup process and governance requirements that are involved in creating a multi-account AWS environment.;442426872653;us-east-2;2026-04-20 09:06:04.789728;5.1.1;Checks whether versioning is enabled for your S3 buckets.;Disallow Instances;;;s3;;FAIL;S3 Bucket foretale-config-logs-442426872653-us-east-2 has versioning disabled.;arn:aws:s3:::foretale-config-logs-442426872653-us-east-2;s3_bucket_object_versioning;False;foretale-config-logs-442426872653-us-east-2;AWS-Audit-Manager-Control-Tower-Guardrails;AWS Audit Manager Control Tower Guardrails;
aws;AWS Control Tower is a management and governance service that you can use to navigate through the setup process and governance requirements that are involved in creating a multi-account AWS environment.;442426872653;us-east-1;2026-04-20 09:06:04.789728;4.1.2;Checks that your S3 buckets do not allow public write access.;Disallow Public Access;;;s3;;PASS;All S3 public access blocked at account level.;arn:aws:s3:::amplify-djeky3rjf2dd9-mai-amplifydataamplifycodege-ady30ocj1cin;s3_bucket_policy_public_write_access;False;amplify-djeky3rjf2dd9-mai-amplifydataamplifycodege-ady30ocj1cin;AWS-Audit-Manager-Control-Tower-Guardrails;AWS Audit Manager Control Tower Guardrails;
aws;AWS Control Tower is a management and governance service that you can use to navigate through the setup process and governance requirements that are involved in creating a multi-account AWS environment.;442426872653;us-east-1;2026-04-20 09:06:04.789728;4.1.2;Checks that your S3 buckets do not allow public write access.;Disallow Public Access;;;s3;;PASS;All S3 public access blocked at account level.;arn:aws:s3:::amplify-djeky3rjf2dd9-mai-modelintrospectionschema-qw3w5zya91v8;s3_bucket_policy_public_write_access;False;amplify-djeky3rjf2dd9-mai-modelintrospectionschema-qw3w5zya91v8;AWS-Audit-Manager-Control-Tower-Guardrails;AWS Audit Manager Control Tower Guardrails;
aws;AWS Control Tower is a management and governance service that you can use to navigate through the setup process and governance requirements that are involved in creating a multi-account AWS environment.;442426872653;us-east-1;2026-04-20 09:06:04.789728;4.1.2;Checks that your S3 buckets do not allow public write access.;Disallow Public Access;;;s3;;PASS;All S3 public access blocked at account level.;arn:aws:s3:::amplify-foretaleapplicati-amplifydataamplifycodege-trfzjnz4seco;s3_bucket_policy_public_write_access;False;amplify-foretaleapplicati-amplifydataamplifycodege-trfzjnz4seco;AWS-Audit-Manager-Control-Tower-Guardrails;AWS Audit Manager Control Tower Guardrails;
aws;AWS Control Tower is a management and governance service that you can use to navigate through the setup process and governance requirements that are involved in creating a multi-account AWS environment.;442426872653;us-east-1;2026-04-20 09:06:04.789728;4.1.2;Checks that your S3 buckets do not allow public write access.;Disallow Public Access;;;s3;;PASS;All S3 public access blocked at account level.;arn:aws:s3:::amplify-foretaleapplicati-modelintrospectionschema-bvkozcfbwx89;s3_bucket_policy_public_write_access;False;amplify-foretaleapplicati-modelintrospectionschema-bvkozcfbwx89;AWS-Audit-Manager-Control-Tower-Guardrails;AWS Audit Manager Control Tower Guardrails;
aws;AWS Control Tower is a management and governance service that you can use to navigate through the setup process and governance requirements that are involved in creating a multi-account AWS environment.;442426872653;us-east-1;2026-04-20 09:06:04.789728;4.1.2;Checks that your S3 buckets do not allow public write access.;Disallow Public Access;;;s3;;PASS;S3 Bucket amplify-foretaleapplication-dev-c6950-deployment does not have a bucket policy.;arn:aws:s3:::amplify-foretaleapplication-dev-c6950-deployment;s3_bucket_policy_public_write_access;False;amplify-foretaleapplication-dev-c6950-deployment;AWS-Audit-Manager-Control-Tower-Guardrails;AWS Audit Manager Control Tower Guardrails;
aws;AWS Control Tower is a management and governance service that you can use to navigate through the setup process and governance requirements that are involved in creating a multi-account AWS environment.;442426872653;us-east-1;2026-04-20 09:06:04.789728;4.1.2;Checks that your S3 buckets do not allow public write access.;Disallow Public Access;;;s3;;PASS;All S3 public access blocked at account level.;arn:aws:s3:::cdk-hnb659fds-assets-442426872653-us-east-1;s3_bucket_policy_public_write_access;False;cdk-hnb659fds-assets-442426872653-us-east-1;AWS-Audit-Manager-Control-Tower-Guardrails;AWS Audit Manager Control Tower Guardrails;
aws;AWS Control Tower is a management and governance service that you can use to navigate through the setup process and governance requirements that are involved in creating a multi-account AWS environment.;442426872653;us-east-1;2026-04-20 09:06:04.789728;4.1.2;Checks that your S3 buckets do not allow public write access.;Disallow Public Access;;;s3;;PASS;All S3 public access blocked at account level.;arn:aws:s3:::cloudtrail-logs-442426872653;s3_bucket_policy_public_write_access;False;cloudtrail-logs-442426872653;AWS-Audit-Manager-Control-Tower-Guardrails;AWS Audit Manager Control Tower Guardrails;
aws;AWS Control Tower is a management and governance service that you can use to navigate through the setup process and governance requirements that are involved in creating a multi-account AWS environment.;442426872653;us-east-1;2026-04-20 09:06:04.789728;4.1.2;Checks that your S3 buckets do not allow public write access.;Disallow Public Access;;;s3;;PASS;S3 Bucket config-bucket-442426872653-us-east-1 does not have a bucket policy.;arn:aws:s3:::config-bucket-442426872653-us-east-1;s3_bucket_policy_public_write_access;False;config-bucket-442426872653-us-east-1;AWS-Audit-Manager-Control-Tower-Guardrails;AWS Audit Manager Control Tower Guardrails;
aws;AWS Control Tower is a management and governance service that you can use to navigate through the setup process and governance requirements that are involved in creating a multi-account AWS environment.;442426872653;us-east-1;2026-04-20 09:06:04.789728;4.1.2;Checks that your S3 buckets do not allow public write access.;Disallow Public Access;;;s3;;PASS;All S3 public access blocked at account level.;arn:aws:s3:::foretale-ai-security-logs-442426872653;s3_bucket_policy_public_write_access;False;foretale-ai-security-logs-442426872653;AWS-Audit-Manager-Control-Tower-Guardrails;AWS Audit Manager Control Tower Guardrails;
aws;AWS Control Tower is a management and governance service that you can use to navigate through the setup process and governance requirements that are involved in creating a multi-account AWS environment.;442426872653;us-east-1;2026-04-20 09:06:04.789728;4.1.2;Checks that your S3 buckets do not allow public write access.;Disallow Public Access;;;s3;;PASS;S3 Bucket foretale-terraform-state-442426872653 does not have a bucket policy.;arn:aws:s3:::foretale-terraform-state-442426872653;s3_bucket_policy_public_write_access;False;foretale-terraform-state-442426872653;AWS-Audit-Manager-Control-Tower-Guardrails;AWS Audit Manager Control Tower Guardrails;
aws;AWS Control Tower is a management and governance service that you can use to navigate through the setup process and governance requirements that are involved in creating a multi-account AWS environment.;442426872653;us-east-1;2026-04-20 09:06:04.789728;4.1.2;Checks that your S3 buckets do not allow public write access.;Disallow Public Access;;;s3;;PASS;S3 Bucket ftale-hex4-s3-file-storage does not have a bucket policy.;arn:aws:s3:::ftale-hex4-s3-file-storage;s3_bucket_policy_public_write_access;False;ftale-hex4-s3-file-storage;AWS-Audit-Manager-Control-Tower-Guardrails;AWS Audit Manager Control Tower Guardrails;
aws;AWS Control Tower is a management and governance service that you can use to navigate through the setup process and governance requirements that are involved in creating a multi-account AWS environment.;442426872653;us-east-1;2026-04-20 09:06:04.789728;4.1.2;Checks that your S3 buckets do not allow public write access.;Disallow Public Access;;;s3;;PASS;S3 Bucket master-codebase-useast1 does not have a bucket policy.;arn:aws:s3:::master-codebase-useast1;s3_bucket_policy_public_write_access;False;master-codebase-useast1;AWS-Audit-Manager-Control-Tower-Guardrails;AWS Audit Manager Control Tower Guardrails;
aws;AWS Control Tower is a management and governance service that you can use to navigate through the setup process and governance requirements that are involved in creating a multi-account AWS environment.;442426872653;us-east-2;2026-04-20 09:06:04.789728;4.1.2;Checks that your S3 buckets do not allow public write access.;Disallow Public Access;;;s3;;PASS;All S3 public access blocked at account level.;arn:aws:s3:::foretale-alb-logs-442426872653-us-east-2;s3_bucket_policy_public_write_access;False;foretale-alb-logs-442426872653-us-east-2;AWS-Audit-Manager-Control-Tower-Guardrails;AWS Audit Manager Control Tower Guardrails;
aws;AWS Control Tower is a management and governance service that you can use to navigate through the setup process and governance requirements that are involved in creating a multi-account AWS environment.;442426872653;us-east-2;2026-04-20 09:06:04.789728;4.1.2;Checks that your S3 buckets do not allow public write access.;Disallow Public Access;;;s3;;PASS;All S3 public access blocked at account level.;arn:aws:s3:::foretale-cloudtrail-logs-442426872653-us-east-2;s3_bucket_policy_public_write_access;False;foretale-cloudtrail-logs-442426872653-us-east-2;AWS-Audit-Manager-Control-Tower-Guardrails;AWS Audit Manager Control Tower Guardrails;
aws;AWS Control Tower is a management and governance service that you can use to navigate through the setup process and governance requirements that are involved in creating a multi-account AWS environment.;442426872653;us-east-2;2026-04-20 09:06:04.789728;4.1.2;Checks that your S3 buckets do not allow public write access.;Disallow Public Access;;;s3;;PASS;All S3 public access blocked at account level.;arn:aws:s3:::foretale-config-logs-442426872653-us-east-2;s3_bucket_policy_public_write_access;False;foretale-config-logs-442426872653-us-east-2;AWS-Audit-Manager-Control-Tower-Guardrails;AWS Audit Manager Control Tower Guardrails;
aws;AWS Control Tower is a management and governance service that you can use to navigate through the setup process and governance requirements that are involved in creating a multi-account AWS environment.;442426872653;us-east-1;2026-04-20 09:06:04.789728;4.1.1;Checks that your S3 buckets do not allow public read access.;Disallow Public Access;;;s3;;PASS;All S3 public access blocked at account level.;arn:aws:s3:us-east-1:442426872653:account;s3_bucket_public_access;False;442426872653;AWS-Audit-Manager-Control-Tower-Guardrails;AWS Audit Manager Control Tower Guardrails;
aws;AWS Control Tower is a management and governance service that you can use to navigate through the setup process and governance requirements that are involved in creating a multi-account AWS environment.;442426872653;us-east-1;2026-04-20 09:06:04.789728;4.1.1;Checks that your S3 buckets do not allow public read access.;Disallow Public Access;;;s3;;PASS;All S3 public access blocked at account level.;arn:aws:s3:us-east-1:442426872653:account;s3_bucket_public_list_acl;False;442426872653;AWS-Audit-Manager-Control-Tower-Guardrails;AWS Audit Manager Control Tower Guardrails;
aws;AWS Control Tower is a management and governance service that you can use to navigate through the setup process and governance requirements that are involved in creating a multi-account AWS environment.;;;2026-04-20 09:06:04.789728;1.0.1;Checks whether EBS optimization is enabled for your EC2 instances that can be EBS-optimized;EBS checks;;;ebs;;MANUAL;Manual check;manual_check;manual;False;Manual check;AWS-Audit-Manager-Control-Tower-Guardrails;AWS Audit Manager Control Tower Guardrails;
